{"wifi": [], "map": [{"x": "500", "nodeName": "Front Door", "linkTo": "2", "y": "1200", "nodeId": "1"}, {"x": "700", "nodeName": "Front Mid", "linkTo": "1, 3", "y": "1200", "nodeId": "2"}, {"x": "700", "nodeName": "1m", "linkTo": "2, 4", "y": "1100", "nodeId": "3"}, {"x": "700", "nodeName": "2m", "linkTo": "3, 5", "y": "900", "nodeId": "4"}, {"x": "700", "nodeName": "3m", "linkTo": "4, 6", "y": "600", "nodeId": "5"}, {"x": "700", "nodeName": "4.2m", "linkTo": "5, 7, 8", "y": "180", "nodeId": "6"}, {"x": "500", "nodeName": "Dead End", "linkTo": "6", "y": "180", "nodeId": "7"}, {"x": "900", "nodeName": "Back Door", "linkTo": "6", "y": "180", "nodeId": "8"}], "info": {"northAt": "315"}}