{"wifi": [{"x": "569", "nodeName": "arc-0201-a", "y": "2599", "macAddr": "e8:ba:70:61:c9:60", "nodeId": "1"}, {"x": "2274", "nodeName": "arc-0202-a", "y": "2599", "macAddr": "e8:ba:70:61:af:20", "nodeId": "2"}, {"x": "2964", "nodeName": "arc-0204-a", "y": "731", "macAddr": "04:da:d2:74:cf:30", "nodeId": "3"}, {"x": "5400", "nodeName": "arc-0205-a", "y": "934", "macAddr": "e8:ba:70:52:3b:e0", "nodeId": "4"}, {"x": "4060", "nodeName": "arc-0205-b", "y": "609", "macAddr": "e8:ba:70:52:bf:80", "nodeId": "5"}, {"x": "4263", "nodeName": "arc-0206-a", "y": "2315", "macAddr": "e8:ba:70:52:0b:40", "nodeId": "6"}, {"x": "6578", "nodeName": "arc-0206-b", "y": "2924", "macAddr": "e8:ba:70:52:1e:90", "nodeId": "7"}, {"x": "8445", "nodeName": "arc-0212-a", "y": "2842", "macAddr": "e8:ba:70:52:ab:e0", "nodeId": "8"}, {"x": "10435", "nodeName": "arc-0210-a", "y": "2964", "macAddr": "e8:ba:70:61:b3:50", "nodeId": "9"}, {"x": "7796", "nodeName": "arc-0212-b", "y": "1706", "macAddr": "50:06:04:8d:d0:10", "nodeId": "10"}, {"x": "8608", "nodeName": "arc-0213-a", "y": "1868", "macAddr": "04:da:d2:74:c8:70", "nodeId": "11"}, {"x": "10800", "nodeName": "arc-0214-a", "y": "1097", "macAddr": "e8:ba:70:52:bd:80", "nodeId": "12"}, {"x": "9866", "nodeName": "arc-0239-a", "y": "731", "macAddr": "e8:ba:70:61:a8:80", "nodeId": "13"}, {"x": "6902", "nodeName": "arc-0241-a", "y": "934", "macAddr": "28:93:fe:d3:8b:20", "nodeId": "14"}], "map": [{"x": "0", "nodeName": "TO LT15", "linkTo": "2 ", "y": "2436", "nodeId": "1"}, {"x": "2152", "nodeName": "P2", "linkTo": "1, 3, 4  ", "y": "2436", "nodeId": "2"}, {"x": "2152", "nodeName": "Linkway", "linkTo": "2", "y": "731", "nodeId": "3"}, {"x": "2883", "nodeName": "P4", "linkTo": "2, 5, 6, 7", "y": "2436", "nodeId": "4"}, {"x": "2883", "nodeName": "P5", "linkTo": "4, 8 ", "y": "1787", "nodeId": "5"}, {"x": "2883", "nodeName": "Seminar Room 6", "linkTo": "4", "y": "2924", "nodeId": "6"}, {"x": "3776", "nodeName": "Lobby ", "linkTo": "4, 10", "y": "2436", "nodeId": "7"}, {"x": "3330", "nodeName": "P8", "linkTo": "5, 9, 10 ", "y": "1787", "nodeId": "8"}, {"x": "3330", "nodeName": "Seminar Room 2", "linkTo": "8", "y": "934", "nodeId": "9"}, {"x": "3776", "nodeName": "P10", "linkTo": "7, 8, 11", "y": "1787", "nodeId": "10"}, {"x": "5603", "nodeName": "Student Area", "linkTo": "10, 12, 13, 14", "y": "1787", "nodeId": "11"}, {"x": "5603", "nodeName": "Seminar Room 1", "linkTo": "11", "y": "2924", "nodeId": "12"}, {"x": "5603", "nodeName": "P13", "linkTo": "11, 36", "y": "609", "nodeId": "13"}, {"x": "7065", "nodeName": "P14", "linkTo": "11, 15, 37 ", "y": "1787", "nodeId": "14"}, {"x": "7065", "nodeName": "P15", "linkTo": "14, 32 ", "y": "2802", "nodeId": "15"}, {"x": "7065", "nodeName": "P16", "linkTo": "18, 37", "y": "731", "nodeId": "16"}, {"x": "9014", "nodeName": "P17", "linkTo": "39, 19, 21 ", "y": "2802", "nodeId": "17"}, {"x": "8283", "nodeName": "P18", "linkTo": "16, 20, 22", "y": "731", "nodeId": "18"}, {"x": "9014", "nodeName": "Executive Classroom", "linkTo": "17", "y": "2193", "nodeId": "19"}, {"x": "8283", "nodeName": "Tutorial Room 11", "linkTo": "18", "y": "1056", "nodeId": "20"}, {"x": "9460", "nodeName": "P21", "linkTo": "17, 23, 24 ", "y": "2802", "nodeId": "21"}, {"x": "9744", "nodeName": "P22", "linkTo": "18, 25, 34", "y": "731", "nodeId": "22"}, {"x": "9460", "nodeName": "Seminar Room 9", "linkTo": "21", "y": "3248", "nodeId": "23"}, {"x": "11003", "nodeName": "P24", "linkTo": "21, 27, 28", "y": "2802", "nodeId": "24"}, {"x": "9744", "nodeName": "NUS Hacker's Room", "linkTo": "22", "y": "1056", "nodeId": "25"}, {"x": "11003", "nodeName": "P26", "linkTo": "34, 28, 29 ", "y": "691", "nodeId": "26"}, {"x": "11003", "nodeName": "Seminar Room 11", "linkTo": "24 ", "y": "3248", "nodeId": "27"}, {"x": "11003", "nodeName": "P28", "linkTo": "24, 26, 30", "y": "1259", "nodeId": "28"}, {"x": "11571", "nodeName": "P29", "linkTo": "26, 31 ", "y": "691", "nodeId": "29"}, {"x": "12180", "nodeName": "TO Canteen", "linkTo": "28  ", "y": "731", "nodeId": "30"}, {"x": "11815", "nodeName": "TO COM2-2-1", "linkTo": "29 ", "y": "406", "nodeId": "31"}, {"x": "7552", "nodeName": "P32", "linkTo": "15, 33, 39 ", "y": "2802", "nodeId": "32"}, {"x": "7552", "nodeName": "Seminar Room 7", "linkTo": "32", "y": "3086", "nodeId": "33"}, {"x": "10272", "nodeName": "P34", "linkTo": "22, 26, 35 ", "y": "731", "nodeId": "34"}, {"x": "10272", "nodeName": "Tutorial Room 5", "linkTo": "34 ", "y": "447", "nodeId": "35"}, {"x": "4263", "nodeName": "Cerebro", "linkTo": "13", "y": "609", "nodeId": "36"}, {"x": "7065", "nodeName": "P37", "linkTo": "14, 16, 38 ", "y": "1543", "nodeId": "37"}, {"x": "7552", "nodeName": "SR3 Front", "linkTo": "37", "y": "1543", "nodeId": "38"}, {"x": "8811", "nodeName": "P39", "linkTo": "17, 32, 40 ", "y": "2802", "nodeId": "39"}, {"x": "8811", "nodeName": "SR3 Back", "linkTo": "39", "y": "2436", "nodeId": "40"}], "info": {"northAt": "315"}}