{"wifi": [{"x": "366", "nodeName": "arc-0215-a", "y": "3658", "macAddr": "e8:ba:70:61:b6:50", "nodeId": "1"}, {"x": "1464", "nodeName": "arc2-0261-a", "y": "2683", "macAddr": "50:06:04:8d:ac:c0", "nodeId": "2"}, {"x": "2500", "nodeName": "arc-0229-a", "y": "1585", "macAddr": "e8:ba:70:61:a8:f0", "nodeId": "3"}, {"x": "3841", "nodeName": "arc2-0254-a", "y": "732", "macAddr": "e8:ba:70:52:3e:80", "nodeId": "4"}, {"x": "5548", "nodeName": "arc2-0250-a", "y": "671", "macAddr": "e8:ba:70:61:ad:b0", "nodeId": "5"}, {"x": "7681", "nodeName": "arc2-0243-a", "y": "671", "macAddr": "e8:ba:70:52:53:10", "nodeId": "6"}], "map": [{"x": "61", "nodeName": "TO COM1-2-31", "linkTo": "17", "y": "4024", "nodeId": "1"}, {"x": "1585", "nodeName": "P2", "linkTo": "3, 5, 17", "y": "2561", "nodeId": "2"}, {"x": "1342", "nodeName": "Uncle Soo's Office", "linkTo": "2", "y": "2378", "nodeId": "3"}, {"x": "2134", "nodeName": "Colin's Office", "linkTo": "5", "y": "2317", "nodeId": "4"}, {"x": "1951", "nodeName": "P5", "linkTo": "2, 4, 19", "y": "2195", "nodeId": "5"}, {"x": "2988", "nodeName": "P6", "linkTo": "7, 11, 19", "y": "1098", "nodeId": "6"}, {"x": "3353", "nodeName": "P7", "linkTo": "6, 8", "y": "732", "nodeId": "7"}, {"x": "4085", "nodeName": "P8", "linkTo": "7, 9, 10", "y": "732", "nodeId": "8"}, {"x": "4085", "nodeName": "Discussion Room 6", "linkTo": "8", "y": "976", "nodeId": "9"}, {"x": "8047", "nodeName": "End of Corridor", "linkTo": "8", "y": "732", "nodeId": "10"}, {"x": "3475", "nodeName": "Glass Door", "linkTo": "6, 12", "y": "1646", "nodeId": "11"}, {"x": "3780", "nodeName": "Wooden Door", "linkTo": "11, 13", "y": "1829", "nodeId": "12"}, {"x": "4146", "nodeName": "Another Door", "linkTo": "12, 14", "y": "2012", "nodeId": "13"}, {"x": "4329", "nodeName": "Stairwell", "linkTo": "13, 15", "y": "2317", "nodeId": "14"}, {"x": "3841", "nodeName": "Halfway", "linkTo": "14, 16", "y": "2744", "nodeId": "15"}, {"x": "3719", "nodeName": "TO COM2-3-11", "linkTo": "15", "y": "2622", "nodeId": "16"}, {"x": "1159", "nodeName": "P17", "linkTo": "1, 2, 18", "y": "2927", "nodeId": "17"}, {"x": "915", "nodeName": "Bimlesh's Office", "linkTo": "17", "y": "2805", "nodeId": "18"}, {"x": "2622", "nodeName": "P19", "linkTo": "5, 6, 20", "y": "1464", "nodeId": "19"}, {"x": "2378", "nodeName": "Damith's Office", "linkTo": "19", "y": "1342", "nodeId": "20"}], "info": {"northAt": "305"}}