{"wifi": [{"x": "1037", "nodeName": "arc-0334-a", "y": "2988", "macAddr": "e8:ba:70:52:51:70", "nodeId": "1"}, {"x": "2195", "nodeName": "arc-0324-a", "y": "1829", "macAddr": "e8:ba:70:61:b1:60", "nodeId": "2"}, {"x": "3719", "nodeName": "arc2-0348-a", "y": "732", "macAddr": "28:93:fe:c8:a8:e0", "nodeId": "3"}, {"x": "5487", "nodeName": "arc2-0318-a", "y": "671", "macAddr": "70:10:5c:7d:39:b0", "nodeId": "4"}, {"x": "7255", "nodeName": "arc2-0339-a", "y": "732", "macAddr": "e8:ba:70:52:bf:b0", "nodeId": "5"}, {"x": "9205", "nodeName": "arc2-0332-a", "y": "732", "macAddr": "e8:ba:70:52:c5:20", "nodeId": "6"}], "map": [{"x": "61", "nodeName": "TO COM1-3-18", "linkTo": "16", "y": "4024", "nodeId": "1"}, {"x": "2988", "nodeName": "P2", "linkTo": "3, 7, 14 ", "y": "1098", "nodeId": "2"}, {"x": "3353", "nodeName": "P3", "linkTo": "2, 4  ", "y": "732", "nodeId": "3"}, {"x": "3902", "nodeName": "P4", "linkTo": "3, 5, 12 ", "y": "732", "nodeId": "4"}, {"x": "3902", "nodeName": "Discussion Room 7", "linkTo": "4", "y": "976", "nodeId": "5"}, {"x": "8047", "nodeName": "End of Corridor", "linkTo": "12", "y": "732", "nodeId": "6"}, {"x": "3475", "nodeName": "Glass Door", "linkTo": "2, 8", "y": "1646", "nodeId": "7"}, {"x": "3780", "nodeName": "Wooden Door", "linkTo": "7, 9", "y": "1829", "nodeId": "8"}, {"x": "4146", "nodeName": "Another Door", "linkTo": "8, 10", "y": "2012", "nodeId": "9"}, {"x": "4207", "nodeName": "Stairwell", "linkTo": "9, 11", "y": "2134", "nodeId": "10"}, {"x": "3719", "nodeName": "TO COM2-2-16", "linkTo": "10", "y": "2622", "nodeId": "11"}, {"x": "4085", "nodeName": "P12", "linkTo": "4, 6, 13", "y": "732", "nodeId": "12"}, {"x": "4085", "nodeName": "Discussion Room 8", "linkTo": "12", "y": "976", "nodeId": "13"}, {"x": "2134", "nodeName": "P14", "linkTo": "2, 15, 16 ", "y": "1951", "nodeId": "14"}, {"x": "2317", "nodeName": "Henry's Room", "linkTo": "14", "y": "2012", "nodeId": "15"}, {"x": "1524", "nodeName": "Mysterious Pt", "linkTo": "1, 14", "y": "2500", "nodeId": "16"}], "info": {"northAt": "305"}}