{"wifi": [{"x": "300", "nodeName": "ap-101", "y": "150", "macAddr": "29:11:A1:8B:C2:D0", "nodeId": "1"}, {"x": "700", "nodeName": "ap-102", "y": "270", "macAddr": "9A:22:5B:1C:D4:5E", "nodeId": "2"}, {"x": "500", "nodeName": "ap-103", "y": "500", "macAddr": "F9:33:0A:92:9C:D9", "nodeId": "3"}, {"x": "500", "nodeName": "ap-104", "y": "350", "macAddr": "B1:44:A6:BB:EC:D0", "nodeId": "4"}], "map": [{"x": "200", "nodeName": "Entrance", "linkTo": "2", "y": "100", "nodeId": "1"}, {"x": "400", "nodeName": "Room 1", "linkTo": "1, 3", "y": "100", "nodeId": "2"}, {"x": "400", "nodeName": "Room 2", "linkTo": "2, 4, 8", "y": "200", "nodeId": "3"}, {"x": "600", "nodeName": "Male Toilet", "linkTo": "3, 6", "y": "200", "nodeId": "4"}, {"x": "600", "nodeName": "Female Toilet", "linkTo": "8, 6", "y": "500", "nodeId": "5"}, {"x": "600", "nodeName": "Corridor", "linkTo": "4, 5, 7", "y": "300", "nodeId": "6"}, {"x": "800", "nodeName": "TO level 2", "linkTo": "6", "y": "300", "nodeId": "7"}, {"x": "400", "nodeName": "Room 3", "linkTo": "3, 5", "y": "500", "nodeId": "8"}], "info": {"northAt": "180"}}