{"wifi": [{"x": "700", "nodeName": "ap-201", "y": "200", "macAddr": "1C:DD:5E:AA:22:5B", "nodeId": "2"}], "map": [{"x": "800", "nodeName": "TO level 1,3", "linkTo": "2", "y": "300", "nodeId": "1"}, {"x": "800", "nodeName": "Corridor", "linkTo": "1,3", "y": "100", "nodeId": "2"}, {"x": "600", "nodeName": "Still Corridor", "linkTo": "2,4", "y": "100", "nodeId": "3"}, {"x": "400", "nodeName": "Some more Corridor", "linkTo": "3,5", "y": "100", "nodeId": "4"}, {"x": "200", "nodeName": "End of Corridor", "linkTo": "4", "y": "100", "nodeId": "5"}], "info": {"northAt": "180"}}