{"wifi": [{"x": "500", "nodeName": "ap-301", "y": "450", "macAddr": "29:11:A1:8B:C2:D0", "nodeId": "1"}, {"x": "700", "nodeName": "ap-302", "y": "270", "macAddr": "9A:22:5B:1C:D4:5E", "nodeId": "2"}], "map": [{"x": "800", "nodeName": "TO level 2", "linkTo": "2,4", "y": "300", "nodeId": "1"}, {"x": "600", "nodeName": "North Point", "linkTo": "1,3,5", "y": "500", "nodeId": "2"}, {"x": "600", "nodeName": "Center Point", "linkTo": "1,2,4,5", "y": "300", "nodeId": "3"}, {"x": "600", "nodeName": "South Point", "linkTo": "1,3,5", "y": "100", "nodeId": "4"}, {"x": "400", "nodeName": "West Point", "linkTo": "2,3,4", "y": "300", "nodeId": "5"}], "info": {"northAt": "180"}}